player_id,player_name,minutes_played,mean_goals_per_90,std_goals_per_90,ci_lower,ci_upper
2752.0,Diego Mainz,7110,0.8598484848484849,0.03876347291358602,0.7758530769769831,0.9266912308563056
2768.0,Jose Dorado,6210,1.489884393063584,1e-05,,
2790.0,Alberto Rey,4500,1.1175298804780875,1e-05,,
2802.0,Pablo Hernandez,8730,1.667695473251029,1e-05,,
2805.0,Ruben Perez,11790,1.0297256097560976,1e-05,,
2983.0,Jorge Molina,6390,1.082865168539326,1e-05,,
3316.0,Oscar Sanchez,540,0.8225806451612904,0.14237164168672434,0.46897145188002703,0.9928229945520177
4902.0,Iriney,6030,1.087797619047619,1e-05,,
5233.0,Iban Javier Cuadrado,1620,1.3241758241758241,1e-05,,
5243.0,Julio Alvarez,3420,1.4424083769633507,1e-05,,
5247.0,Perez Richi,1440,0.9320987654320988,0.06066044308568887,0.7732210757641841,0.9975552126532953
6853.0,Fabian Vargas,1530,0.9360465116279069,0.05735154734929989,0.7856357358825,0.9977064295949161
6864.0,Santiago Acasiete,5490,1.1127450980392157,1e-05,,
6911.0,Fabian Canobbio,3420,1.0497382198952878,1e-05,,
9128.0,Tomislav Dujmovic,810,0.9891304347826088,0.032466298920959806,0.893208487964109,1.0
10348.0,Alejandro Dominguez,3330,1.3198924731182795,1e-05,,
11555.0,Fernando Soriano,9540,1.2250470809792844,1e-05,,
11736.0,Antolin Alcaraz,540,0.9838709677419355,0.046946906442400495,0.8414224257886389,1.0
11758.0,Eliseu,13140,1.4233926128590972,1e-05,,
11778.0,Roversio,2070,0.6077586206896551,0.09925092993861716,0.4064895315123153,0.7914269027192777
12766.0,Cristian Sapunaru,2970,1.0271084337349397,1e-05,,
17299.0,Carlos Carmona,1260,1.3450704225352113,1e-05,,
17703.0,Jeremy Perbet,900,1.2843137254901962,1e-05,,
17875.0,Jordan Loties,2700,0.8642384105960265,0.061323642345054115,0.7237756387747525,0.9595395723344365
18164.0,Mariano Pavone,630,1.263888888888889,1e-05,,
18376.0,Matias Fritzler,1980,0.7252252252252251,0.09267890386051449,0.5269594691707338,0.8851706476848306
18388.0,"Leandro Gioda,28",2520,1.1382978723404256,1e-05,,
18483.0,Pablo Javier Perez,540,1.1451612903225807,1e-05,,
18501.0,Hernan Pellerano,6030,1.087797619047619,1e-05,,
18520.0,Marcos Angeleri,5220,0.9467353951890034,0.02918588106376654,0.8767547914026432,0.9882736757099424
18592.0,Roman Martinez,3330,0.9435483870967741,0.0373412269895498,0.851141996106331,0.9923395168610933
18628.0,Marco Ruben,5040,1.0516014234875444,1e-05,,
18664.0,Christian Fernandez,5670,1.0617088607594936,1e-05,,
18673.0,Gustavo Cabral,11700,1.3294930875576039,1e-05,,
18784.0,Emiliano Daniel Armenteros,7650,1.0223004694835682,1e-05,,
18814.0,Fernando Gago,4320,2.0560165975103737,1e-05,,
18853.0,Claudio Morel,1260,0.6408450704225352,0.12305397460851092,0.385454658283303,0.8587518055359598
18904.0,David Abraham,630,1.125,1e-05,,
19243.0,Diego Costa,10620,1.582910321489002,1e-05,,
19327.0,Miranda,10350,1.7282986111111112,1e-05,,
19533.0,Neymar,7380,2.847931873479319,1e-05,,
20325.0,Marcelo Silva,1620,1.1043956043956042,1e-05,,
21414.0,Oscar Trejo,2340,1.2633587786259541,1e-05,,
21445.0,Juca,1350,1.125,1e-05,,
21450.0,Marc Bertran,8280,1.042299349240781,1e-05,,
22543.0,Radamel Falcao,6030,1.6086309523809526,1e-05,,
22928.0,Glenn Loovens,1890,1.0896226415094339,1e-05,,
23678.0,Alex Song,2610,2.8116438356164384,1e-05,,
23779.0,Quincy Owusu-Abeyie,1350,1.388157894736842,1e-05,,
23853.0,Walter Pandiani,5310,1.1841216216216217,1e-05,,
23988.0,Lassana Diarra,6660,2.669811320754717,1e-05,,
24099.0,Hurtado Perez Moises,6570,1.121584699453552,1e-05,,
24123.0,Jonathan De Guzman,3870,1.0671296296296295,1e-05,,
24131.0,Jose Miguel Josemi,4230,1.4216101694915255,1e-05,,
24132.0,Mohamed Lamine Sissoko,1440,0.8703703703703703,0.0809915975945261,0.6751431203732351,0.9814498436913726
24383.0,Diego Castro,17550,1.1275614754098362,1e-05,,
24385.0,Abel Aguilar,7200,1.07356608478803,1e-05,,
24450.0,Victor Obinna,1080,1.0737704918032787,1e-05,,
24612.0,Fernando,3600,1.171641791044776,1e-05,,
24630.0,Noe Pamarot,2700,0.9304635761589404,0.04553848386623265,0.8182467851994821,0.9904761507710265
24852.0,Luis Garcia,12060,0.9992548435171387,0.0023467862084070013,0.9927098267526361,1.0
24970.0,Cristian Zapata,2520,1.0319148936170213,1e-05,,
25347.0,Oscar Gonzalez,4500,1.1175298804780875,1e-05,,
25462.0,Victor Casadesus,12330,1.2106413994169096,1e-05,,
25521.0,Pape Diakhate,3600,0.9228855721393034,0.041561684440181115,0.8239399078389437,0.9827861530083407
25571.0,Achille Emana,2880,1.3074534161490683,1e-05,,
25574.0,Pierre Webo,4410,1.079268292682927,1e-05,,
25753.0,Ezequiel Luna,1980,0.7252252252252251,0.09267890386051449,0.5269594691707338,0.8851706476848306
25759.0,Gonzalo Higuain,10080,2.7905525846702317,1e-05,,
25773.0,Ivan Rakitic,13320,2.0856950067476383,1e-05,,
25913.0,Helder Rosario,2070,1.5560344827586206,1e-05,,
25921.0,Pepe,17280,2.7684703433922992,1e-05,,
25924.0,Paulo Assuncao,8190,1.6458333333333335,1e-05,,
25986.0,Nilmar,6120,1.3944281524926687,1e-05,,
25990.0,Joao Pereira,4590,1.662109375,1e-05,,
26044.0,Krisztian Vadocz,2790,1.060897435897436,1e-05,,
26145.0,Olivier Thomert,720,1.1097560975609757,1e-05,,
26146.0,Seydou Keita,7020,2.4181585677749364,1e-05,,
26166.0,Karim Benzema,15120,2.8840665873959566,1e-05,,
26255.0,Emir Spahic,3960,1.246606334841629,1e-05,,
26310.0,Cristian Rodriguez,720,1.353658536585366,1e-05,,
26336.0,Stephane M'Bia,3150,1.90625,1e-05,,
26345.0,Damien Perquis,1440,0.9320987654320988,0.06066044308568887,0.7732210757641841,0.9975552126532953
26354.0,Mouhamadou Dabo,1890,1.891509433962264,1e-05,,
26392.0,Kevin Gameiro,4410,1.75,1e-05,,
26403.0,Jeremy Mathieu,13590,1.9649470899470898,1e-05,,
26434.0,Ibrahim Afellay,630,1.263888888888889,1e-05,,
26519.0,Said Boutahar,1080,0.9918032786885246,0.024816806181126982,0.9195303507769802,1.0
26535.0,Kennedy Bakircioglu,2790,1.0929487179487178,1e-05,,
26554.0,Jose Leonardo Ulloa,1170,1.0681818181818181,1e-05,,
26805.0,Kris Stadsgaard,2070,1.3405172413793103,1e-05,,
26886.0,Michael Jakobsen,1260,1.063380281690141,1e-05,,
27420.0,Eugen Polanski,2070,1.4267241379310345,1e-05,,
27461.0,Heiko Westermann,1800,0.797029702970297,0.0873545571689203,0.6015823329105989,0.9372530778413877
27668.0,Matteo Contini,3510,1.2015306122448979,1e-05,,
27678.0,Maurizio Lanzaro,3330,0.9704301075268816,0.027407872303317066,0.8978291580720549,0.9989747253337204
28284.0,Vadim Demidov,3960,0.9298642533936652,0.03798483734937028,0.8392406113129341,0.9844077276708193
28439.0,Sergio Sanchez,10800,1.315307820299501,1e-05,,
28467.0,Marcelo,19620,2.8098075160403293,1e-05,,
28907.0,Pablo Sebastian Alvarez,1350,1.256578947368421,1e-05,,
29580.0,Evaldo,1260,0.9225352112676056,0.06856805841022014,0.7435515377644384,0.9971838702136271
29590.0,Fabio Coentrao,3330,2.717741935483871,1e-05,,
29904.0,Abel Gomez,3240,0.6104972375690607,0.07995132263856607,0.4490502647615208,0.7603738826680542
30273.0,Alberto Rivera,8100,0.9988913525498891,0.003484644182139823,0.9891513524308816,1.0
30276.0,David Navarro,15570,1.2130484988452657,1e-05,,
30277.0,Francisco Navarro Yeste,3420,1.1020942408376964,1e-05,,
30279.0,Javier Venta,8550,1.4296218487394958,1e-05,,
30287.0,Pablo Orbaiz,5580,1.319935691318328,1e-05,,
30419.0,Selim Benachour,1350,1.1907894736842106,1e-05,,
30443.0,Renato,5760,1.7772585669781933,1e-05,,
30448.0,Edu,540,1.1451612903225807,1e-05,,
30459.0,Martin Demichelis,7380,1.4245742092457423,1e-05,,
30468.0,Fabio Celestini,3240,1.356353591160221,1e-05,,
30534.0,Leonardo Ponzio,7200,1.07356608478803,1e-05,,
30613.0,Cesc Fabregas,7290,2.7967980295566504,1e-05,,
30626.0,Thierry Henry,3510,2.9617346938775517,1e-05,,
30646.0,Roque Santa Cruz,6300,1.1125356125356127,1e-05,,
30649.0,Christoph Metzelder,630,2.236111111111111,1e-05,,
30655.0,Raul,3690,2.1868932038834954,1e-05,,
30661.0,Carles Puyol,10080,3.0579322638146165,1e-05,,
30663.0,Simao,11250,1.542332268370607,1e-05,,
30666.0,David Albelda,8460,1.7314225053078558,1e-05,,
30670.0,Gabriel Heinze,2160,2.1942148760330578,1e-05,,
30675.0,Michael Essien,1710,2.817708333333333,1e-05,,
30689.0,Tomas Ujfalusi,8190,1.755482456140351,1e-05,,
30698.0,Marko Babic,540,1.1451612903225807,1e-05,,
30728.0,David Trezeguet,2520,0.9964539007092198,0.011000505079624832,0.9652543292506103,1.0
30738.0,Eric Abidal,7470,2.7415865384615388,1e-05,,
30740.0,Rafael Marquez,2700,2.9172185430463577,1e-05,,
30744.0,Masoud Shojaei,4680,1.0747126436781609,1e-05,,
30750.0,Juanito,4500,1.3964143426294822,1e-05,,
30752.0,Carlos Marchena,8910,1.4727822580645162,1e-05,,
30827.0,Markus Rosenberg,2610,1.0650684931506849,1e-05,,
30834.0,Arjen Robben,2250,2.1071428571428568,1e-05,,
30839.0,Johnny Heitinga,2430,2.2830882352941173,1e-05,,
30840.0,Rafael van der Vaart,2790,2.4711538461538463,1e-05,,
30851.0,Shunsuke Nakamura,540,0.03367569319871476,0.06632535083539406,4.1660959305187615e-09,0.23793077467287735
30852.0,Fernando Meira,990,0.6339285714285714,0.13791870311328694,0.34759083529363094,0.8751723356079469
30853.0,Fernando Torres,2430,1.5477941176470587,1e-05,,
30866.0,Ivica Dragutinovic,2520,1.4929078014184396,1e-05,,
30871.0,Tiago,12960,1.6373092926490986,1e-05,,
30878.0,Wesley Sneijder,1620,1.9835164835164834,1e-05,,
30889.0,Xabi Alonso,12870,2.807960893854748,1e-05,,
30890.0,Philippe Senderos,630,1.263888888888889,1e-05,,
30891.0,Gabriel Milito,1530,1.691860465116279,1e-05,,
30893.0,Cristiano Ronaldo,20520,2.914548641542506,1e-05,,
30903.0,Pablo Ibanez,1890,1.6556603773584904,1e-05,,
30907.0,Jaroslav Plasil,2880,1.12111801242236,1e-05,,
30909.0,David Villa,13770,2.2721932114882506,1e-05,,
30911.0,Ricardo Carvalho,3960,2.5814479638009056,1e-05,,
30914.0,Ricardo Costa,8910,1.5836693548387097,1e-05,,
30922.0,Arouna Kone,3060,1.4649122807017543,1e-05,,
30955.0,Andres Iniesta,17100,2.760778128286014,1e-05,,
30958.0,Marcos Senna,8100,1.3425720620842574,1e-05,,
30960.0,Emmanuel Adebayor,540,2.919354838709677,1e-05,,
30962.0,Sergio Ramos,21330,2.744940978077571,1e-05,,
30981.0,Lionel Messi,22410,2.925762439807383,1e-05,,
30994.0,Hedwiges Maduro,5940,1.436555891238671,1e-05,,
31014.0,Romaric,7740,1.2424593967517403,1e-05,,
31045.0,Andres Guardado,9450,1.2747148288973384,1e-05,,
31097.0,Luka Modric,9090,2.8567193675889326,1e-05,,
31103.0,Paulo da Silva,3330,1.0241935483870968,1e-05,,
31235.0,Diego,2430,1.4742647058823528,1e-05,,
31303.0,Nelson,8370,1.2564377682403434,1e-05,,
31312.0,Milan Stepanov,720,1.1097560975609757,1e-05,,
31498.0,Cleber Santana,2970,1.539156626506024,1e-05,,
31718.0,Nelson Haedo Valdez,1980,1.2207207207207207,1e-05,,
31731.0,Gianni Zuiverloon,630,1.125,1e-05,,
31921.0,Gareth Bale,6750,3.0199468085106385,1e-05,,
32043.0,Jose Gomes de Moraes Edmilson,1890,1.1839622641509433,1e-05,,
32656.0,Antonio Lopez,5850,1.535276073619632,1e-05,,
32675.0,Cata Diaz,12420,1.3031837916063675,1e-05,,
32761.0,Ruben Baraja,2610,1.476027397260274,1e-05,,
32762.0,Vicente,810,1.315217391304348,1e-05,,
32763.0,"Alberto Luque,21",1890,0.9481132075471698,0.0470740997348464,0.8241833905000266,0.9981613324811673
32764.0,Raul Tamudo,5760,1.045171339563863,1e-05,,
32765.0,Jose Maria Guti,2070,2.1594827586206895,1e-05,,
32766.0,Ivan de la Pena,1710,1.4635416666666665,1e-05,,
32865.0,Nacho Novo,1800,0.896039603960396,0.06628719393629334,0.734655158498545,0.9854032261350876
32870.0,Alan Hutton,1530,1.2267441860465116,1e-05,,
32999.0,Mehdi Lacen,17550,1.0712090163934427,1e-05,,
33022.0,Luis Prieto,4230,1.2733050847457628,1e-05,,
33024.0,Carlos Gurpegi,13410,1.3076407506702414,1e-05,,
33025.0,Andoni Iraola,19530,1.4046961325966851,1e-05,,
33027.0,Ustaritz,3240,1.2458563535911602,1e-05,,
33028.0,Aritz Aduriz,19440,1.4990749306197966,1e-05,,
33030.0,Fernando Llorente,13050,1.3574380165289257,1e-05,,
33074.0,Eidur Gudjohnsen,990,2.6874999999999996,1e-05,,
33582.0,Jiri Jarosik,5040,1.1405693950177935,1e-05,,
33586.0,Alvaro Rubio,9990,1.1969424460431655,1e-05,,
33588.0,Haris Medunjanin,2430,0.8492647058823529,0.06737588147949364,0.6956974639230434,0.9547163870952244
33607.0,Ruben,3780,1.1161137440758293,1e-05,,
33609.0,Paco Pena,2520,1.1382978723404256,1e-05,,
33611.0,Diego Camacho,3870,1.1134259259259258,1e-05,,
33632.0,Maxi Rodriguez,3420,1.9921465968586387,1e-05,,
33634.0,Juan Valera,12960,1.1380027739251042,1e-05,,
33635.0,Gabi,20700,1.5947002606429193,1e-05,,
33636.0,Luis Perea,8100,1.6197339246119735,1e-05,,
33637.0,Peter Luccin,720,1.7195121951219514,1e-05,,
33639.0,Samuel Eto'o,3060,2.780701754385965,1e-05,,
33641.0,Santiago Ezquerro,720,1.7195121951219514,1e-05,,
33655.0,Arturo Arzu,3060,1.3771929824561402,1e-05,,
33665.0,Jesus Capi,2160,1.3677685950413223,1e-05,,
33666.0,Miguel Angel,1170,1.5984848484848484,1e-05,,
33668.0,"Francisco Munoz Xisco,18",1440,1.0555555555555554,1e-05,,
33715.0,Abraham Paz Cruz,2610,1.0650684931506849,1e-05,,
33729.0,Jonathan Sesma,4140,1.2575757575757576,1e-05,,
33733.0,Angel Lopez,7380,1.5462287104622872,1e-05,,
33747.0,Borja Oubina,5400,1.048172757475083,1e-05,,
33756.0,Manuel Pablo,10350,1.0859375,1e-05,,
33758.0,Julian de Guzman,1530,1.1686046511627906,1e-05,,
33759.0,Aldo Pedro Duscher,4140,1.0844155844155843,1e-05,,
33761.0,Juan Carlos Valeron,4950,1.088768115942029,1e-05,,
33762.0,Angel Javier Arizmendi,2880,1.1832298136645962,1e-05,,
33767.0,David Garcia,4590,1.056640625,1e-05,,
33768.0,Daniel Jarque,3240,1.2734806629834254,1e-05,,
33773.0,Ferran Corominas,6120,0.8372434017595308,0.044375383735157495,0.7415666846996146,0.914243574116048
33775.0,Javier Paredes,7380,0.9866180048661801,0.0125971786657664,0.953124111736873,0.9995431421006611
33778.0,Daniel Guiza,1350,1.125,1e-05,,
33805.0,Ruben Martin Pulido,1800,1.3415841584158414,1e-05,,
33812.0,Sebastien Squillaci,3870,1.5763888888888888,1e-05,,
33820.0,Angel Manuel Vivar Dorado,1260,1.556338028169014,1e-05,,
33828.0,Cesar Navas,1710,1.0989583333333333,1e-05,,
33840.0,Alexandre Geijo,1080,0.7459016393442623,0.1198270166606987,0.47971435518840516,0.9365888340250118
33843.0,Jesus Gamez,17370,1.3255693581780539,1e-05,,
33844.0,Saul,630,0.9861111111111112,0.040868599154710625,0.8634703047325976,1.0
33847.0,Sergio Ballesteros,8820,1.2331975560081467,1e-05,,
33848.0,Fernando Navarro,20430,1.439700704225352,1e-05,,
33849.0,Jose Carlos Nunes,11700,1.306451612903226,1e-05,,
33854.0,Tuni,630,1.9583333333333335,1e-05,,
33856.0,Ivan Ramis,12870,1.2646648044692739,1e-05,,
33861.0,Enrique Corrales,2610,1.202054794520548,1e-05,,
33865.0,Miguel Flano,13590,0.9596560846560847,0.015949222118756098,0.9231221365042304,0.9847970524176185
33866.0,David Lopez,4410,1.5264227642276422,1e-05,,
33870.0,Patxi Martinez Punal,13860,1.0317769130998704,1e-05,,
33871.0,Raul Garcia,14310,1.602386934673367,1e-05,,
33872.0,Valdo,6660,1.2277628032345014,1e-05,,
33874.0,Jose Josetxo,2520,1.0319148936170213,1e-05,,
33884.0,Jose Moraton,1710,1.3072916666666665,1e-05,,
33885.0,Oriol,1980,1.1306306306306306,1e-05,,
33887.0,Sergio Matabuena,2700,1.129139072847682,1e-05,,
33892.0,Oscar Serrano,5310,1.1841216216216217,1e-05,,
33893.0,Ayoze Diaz Diaz,6480,1.4695290858725762,1e-05,,
33895.0,Borja Neru,1620,1.4340659340659339,1e-05,,
33896.0,Pablo Pinillos,5940,1.1646525679758308,1e-05,,
33898.0,Raul Bravo,540,0.33870967741935487,0.17637768497122852,0.057647282455025255,0.7160051407410323
33929.0,Sidi Yaya Keita,2160,1.1198347107438016,1e-05,,
33959.0,Ion Ansotegi,7830,1.3428899082568808,1e-05,,
33960.0,Mikel Gonzalez,12600,1.4771754636233951,1e-05,,
33961.0,Mikel Labaka,2430,1.363970588235294,1e-05,,
33963.0,Javier Garrido,1620,1.1593406593406592,1e-05,,
33964.0,Mikel Alonso,1890,0.9481132075471698,0.0470740997348464,0.8241833905000266,0.9981613324811673
33973.0,Xabier Prieto,15480,1.3362369337979094,1e-05,,
33988.0,Daniel Alves,20250,2.749111900532859,1e-05,,
33989.0,Frederic Kanoute,7200,1.5723192019950125,1e-05,,
33990.0,Julien Escude,9000,1.5179640718562875,1e-05,,
33991.0,Jesus Navas,13680,1.538107752956636,1e-05,,
33992.0,Adriano,11700,2.2895545314900154,1e-05,,
33993.0,Aitor Ocio,2790,1.3173076923076923,1e-05,,
33997.0,Mikel Eizaguirre Aranburu,4770,1.2236842105263157,1e-05,,
34000.0,Enzo Maresca,2610,1.3732876712328765,1e-05,,
34005.0,Roberto Fabian Ayala,1170,1.143939393939394,1e-05,,
34007.0,Miguel,6660,1.6859838274932617,1e-05,,
34008.0,Emiliano Moretti,2250,1.988095238095238,1e-05,,
34029.0,Raul Albiol,8730,2.5318930041152266,1e-05,,
34103.0,Mariano Pernia,2160,2.2355371900826446,1e-05,,
34104.0,Ze Castro,11520,1.264430577223089,1e-05,,
34106.0,Luis Fabiano,4950,1.5416666666666667,1e-05,,
34182.0,Didier Zokora,3780,1.7322274881516588,1e-05,,
34233.0,Mark Gonzalez,1350,1.6513157894736843,1e-05,,
34268.0,Alain Nef,720,0.5,0.16484511834894675,0.18720420823691653,0.8127957917630835
34304.0,Maxwell,4320,2.6369294605809133,1e-05,,
34381.0,Derek Boateng,5580,1.3681672025723473,1e-05,,
34520.0,Fabio Cannavaro,2610,2.195205479452055,1e-05,,
34575.0,Asier del Horno,4140,0.9329004329004329,0.03641719629964185,0.8459371227623893,0.9851090805162737
34582.0,Mate Bilic,3690,1.0218446601941746,1e-05,,
34601.0,Jermaine Pennant,900,1.0882352941176472,1e-05,,
34602.0,Ruud van Nistelrooy,1260,1.6267605633802817,1e-05,,
34952.0,Daniele Bonera,720,0.8658536585365854,0.11236155758715953,0.5797481412090522,0.9948261734130392
34956.0,Mista,1080,1.1557377049180328,1e-05,,
35324.0,Antonio Barragan,9270,1.5319767441860466,1e-05,,
35638.0,Pedro Munitis,9810,1.1272893772893773,1e-05,,
35724.0,Zlatan Ibrahimovic,2070,2.59051724137931,1e-05,,
35988.0,Christian Lell,2250,1.1547619047619047,1e-05,,
36130.0,Patrick Ebert,3690,1.3131067961165048,1e-05,,
36378.0,Mesut Oezil,7650,2.865023474178404,1e-05,,
36400.0,Patrick Mtiliga,3690,1.2888349514563107,1e-05,,
36615.0,Yaya Toure,3690,2.79368932038835,1e-05,,
36784.0,Klaas Jan Huntelaar,1170,2.431818181818181,1e-05,,
37259.0,Mahamadou Diarra,630,2.6527777777777777,1e-05,,
37350.0,Pablo Caceres,2520,1.0673758865248226,1e-05,,
37408.0,Igor Gabilondo,3870,1.2291666666666665,1e-05,,
37410.0,Javier Martinez,11610,1.3707430340557276,1e-05,,
37411.0,Jose Manuel Jurado,5490,1.5866013071895424,1e-05,,
37412.0,Sergio Aguero,8010,1.82847533632287,1e-05,,
37413.0,Giourkas Seitaridis,720,2.9390243902439024,1e-05,,
37416.0,Diego Rivas,2790,1.3814102564102564,1e-05,,
37419.0,Juanito,5580,1.1109324758842443,1e-05,,
37422.0,Abella Perez Damia,11430,0.9520440251572327,0.018871475829866827,0.9088931751446827,0.9818724137599341
37423.0,Hipolito Poli,1080,0.6639344262295082,0.13001325803512978,0.38963416465027606,0.8875794048219188
37425.0,Francisco Maldonado,810,0.5543478260869565,0.15562848981822125,0.24679333491559963,0.839633023701541
37426.0,Fernando Vega,2790,1.221153846153846,1e-05,,
37427.0,Mario Alvarez,6660,1.3086253369272238,1e-05,,
37429.0,Nene,3060,1.2602339181286548,1e-05,,
37434.0,Iago Bouzon,2520,1.0319148936170213,1e-05,,
37436.0,Santi Cazorla,10260,1.436952714535902,1e-05,,
37440.0,Cesar Arzo,3780,0.9028436018957345,0.04506092388512768,0.7983879643177189,0.9716241759061148
37441.0,Joan Verdu,17370,1.139233954451346,1e-05,,
37442.0,Alvaro Arbeloa,11430,2.854559748427673,1e-05,,
37443.0,Sergio Rodri,900,0.5,0.1494035761667992,0.21442478905839668,0.7855752109416033
37446.0,Ivan Sanchez Riki,6750,1.1449468085106385,1e-05,,
37447.0,Pablo Alvarez,2880,0.9968944099378881,0.009656674719638277,0.9695773120630989,1.0
37448.0,Jesus Vazquez,2520,0.8191489361702128,0.07122796620167364,0.6604594321416373,0.935268770282367
37449.0,Juan Rodriguez,16470,0.939410480349345,0.017578493077847618,0.9006957244985909,0.9690860750180242
37450.0,Duda,12420,1.252532561505065,1e-05,,
37451.0,Alberto Lopo,15210,0.9462174940898346,0.017291641604495242,0.9076733530253769,0.9748371220395979
37452.0,Rodolfo Bodipo Diaz,1530,1.1686046511627906,1e-05,,
37455.0,Francisco Rufete,540,1.6290322580645162,1e-05,,
37459.0,David Silva,3960,1.7895927601809956,1e-05,,
37461.0,Jaime Gavilan,7470,1.467548076923077,1e-05,,
37468.0,Lucas Matias Licht,2520,1.4219858156028369,1e-05,,
37469.0,Juan Albin,3330,1.0510752688172043,1e-05,,
37470.0,David Cortes,8280,1.3134490238611716,1e-05,,
37471.0,Francisco Javier Casquero,8100,1.1762749445676275,1e-05,,
37473.0,Cosmin Contra,1170,1.371212121212121,1e-05,,
37474.0,Manu del Moral,12870,1.1738826815642458,1e-05,,
37477.0,Nihat Kahveci,540,0.8225806451612904,0.14237164168672434,0.46897145188002703,0.9928229945520177
37478.0,Robert Pires,3330,1.6962365591397848,1e-05,,
37479.0,Alexis,15570,1.241916859122402,1e-05,,
37480.0,Cani,12060,1.4388971684053653,1e-05,,
37482.0,Gerard Pique,18810,2.7060229445506687,1e-05,,
37484.0,Juanfran Garcia,13410,1.1199731903485255,1e-05,,
37488.0,"Manolo Gaspar,28",2520,1.3156028368794326,1e-05,,
37489.0,Nino,7740,1.091647331786543,1e-05,,
37491.0,Fernando Varela,3780,1.400473933649289,1e-05,,
37497.0,Javier Portillo,1350,0.5328947368421053,0.12395686632511034,0.28969816619175437,0.7678930790397994
37506.0,Roberto Soldado,14760,1.5596833130328867,1e-05,,
37510.0,Momo,2970,1.2379518072289155,1e-05,,
37512.0,Gonzalo Colsa,8820,1.04989816700611,1e-05,,
37548.0,Carlos Martins,2160,1.1611570247933884,1e-05,,
37576.0,Javier Saviola,1710,1.7760416666666665,1e-05,,
37581.0,Ezequiel Garay,3870,1.8310185185185186,1e-05,,
37597.0,Pedro Lopez,12870,1.0342178770949721,1e-05,,
37604.0,Fernando Amorebieta,10260,1.3056042031523643,1e-05,,
37622.0,Mane,12510,1.358477011494253,1e-05,,
37631.0,Mario Suarez,12330,1.6115160349854227,1e-05,,
37653.0,Oriol Riera,5040,0.9092526690391459,0.037980546383277525,0.8223350869406766,0.9688798628658404
37654.0,Paco Montanes,4590,0.978515625,0.020068272662114795,0.9252531622628124,0.999260840191932
37657.0,Izidoro Gomez,540,0.8225806451612904,0.14237164168672434,0.46897145188002703,0.9928229945520177
37667.0,Melli,1440,1.3641975308641974,1e-05,,
37672.0,Victoriano Rivas Nano,3870,1.275462962962963,1e-05,,
37718.0,Sergio Fernandez,6930,1.167098445595855,1e-05,,
37754.0,Carlos Diogo,3960,1.1108597285067874,1e-05,,
37787.0,Joris Mathijsen,2520,1.599290780141844,1e-05,,
37793.0,Antonio Tomas,5400,0.8156146179401993,0.049571268583671294,0.7092629152582965,0.9021563702485247
37799.0,Obafemi Martins,1620,1.1043956043956042,1e-05,,
37824.0,Joaquin,12420,1.3683068017366136,1e-05,,
37845.0,Xisco,900,0.7941176470588236,0.12082115239084548,0.5129015746505198,0.9687436844350618
37879.0,Marc Torrejon Moya,8460,0.9883227176220808,0.011010367275616514,0.9590373766070219,0.999601984995994
37970.0,"Manuel Lara Martinez,26",2340,1.034351145038168,1e-05,,
38004.0,Carmelo Gonzalez,4320,1.0601659751037344,1e-05,,
38008.0,Txomin Nagore,2970,1.0271084337349397,1e-05,,
38025.0,Nacho Perez,8280,1.237527114967462,1e-05,,
38035.0,"Fernandez Aitor Tornavaca,29",2610,0.8938356164383561,0.056055054307332645,0.7616236380593226,0.9758898361776573
38036.0,Rafael Barber,1800,1.0445544554455444,1e-05,,
38044.0,Ikechukwu Uche,8370,1.3851931330472105,1e-05,,
38064.0,Francisco Molinero,1350,0.861842105263158,0.08573224570861498,0.6559107915338628,0.9801023049829182
38065.0,Jose Antonio Garcia Calvo,1710,1.6197916666666665,1e-05,,
38131.0,Alejandro Alfaro,6210,1.2297687861271678,1e-05,,
38136.0,Carlos Reina Aranda,6930,1.0246113989637307,1e-05,,
38138.0,David Prieto,2970,0.9969879518072289,0.009370502053079613,0.9704950725139101,1.0
38139.0,Diego Capel,4140,1.6904761904761905,1e-05,,
38148.0,Jose Angel Crespo,4590,0.763671875,0.05879980033816551,0.6394702515564824,0.8683923563286973
38151.0,Lolo,9180,1.2045009784735814,1e-05,,
38160.0,Marti Soler,12060,1.267511177347243,1e-05,,
38362.0,Ariel Ibagaza,2970,1.6295180722891565,1e-05,,
38363.0,Roland Lamah,2700,0.8642384105960265,0.061323642345054115,0.7237756387747525,0.9595395723344365
38367.0,Andrija Delibasic,1080,1.0737704918032787,1e-05,,
38379.0,Braulio,1080,1.0737704918032787,1e-05,,
38382.0,Mohammed Tchite,3960,1.2013574660633484,1e-05,,
38385.0,Nicolas Pareja,9810,1.383699633699634,1e-05,,
38398.0,Juan Arango,3150,1.4801136363636362,1e-05,,
38403.0,Jorge Lopez,2880,1.2763975155279503,1e-05,,
38406.0,Rafita,2160,1.3264462809917354,1e-05,,
38424.0,Juanfran,22500,1.5151878497202238,1e-05,,
38431.0,Borja Fernandez,9720,0.9158964879852126,0.026559441813880234,0.8570711402994076,0.9602447844007064
38433.0,Borja Valero,9180,1.3512720156555773,1e-05,,
38449.0,Miguel Pallardo,1890,0.9952830188679245,0.014542158688712893,0.9537558941297962,1.0
38451.0,Juanlu,2790,1.157051282051282,1e-05,,
38458.0,Gonzalo Rodriguez,8100,1.32039911308204,1e-05,,
38460.0,Diego Forlan,7650,1.8438967136150237,1e-05,,
38468.0,David Fuster Torrijos,810,0.9891304347826088,0.032466298920959806,0.893208487964109,1.0
38469.0,Verza,8100,1.0210643015521066,1e-05,,
38471.0,Manuel Victor,1890,1.3726415094339621,1e-05,,
38475.0,Francisco Farinos,2610,1.2363013698630136,1e-05,,
38479.0,Javier Calleja,3330,1.5618279569892473,1e-05,,
38489.0,Xisco Nadal,1080,1.0737704918032787,1e-05,,
38492.0,Maniche,1260,2.6126760563380276,1e-05,,
38507.0,Nano,1440,1.1172839506172838,1e-05,,
38521.0,Nacho Monreal,11520,1.3190327613104524,1e-05,,
38526.0,Gorka Brit,990,0.7232142857142857,0.128093006250345,0.44188353761809096,0.9298432883229764
38540.0,Gorka Elustondo,5310,1.3530405405405406,1e-05,,
38550.0,Jose Javier Barkero,8010,1.2230941704035876,1e-05,,
38551.0,Joseba Llorente,6480,1.5110803324099724,1e-05,,
38561.0,Sergio Boris,2610,0.9965753424657534,0.01063065861008132,0.9664462803076054,1.0
38567.0,Nikola Zigic,2160,1.4504132231404958,1e-05,,
38573.0,Angel Lafita,14040,1.0377720870678617,1e-05,,
38575.0,Jose Movilla,5310,1.285472972972973,1e-05,,
38578.0,Sergio Garcia,14040,1.242637644046095,1e-05,,
38581.0,Corona,7560,1.0581947743467934,1e-05,,
38699.0,Giuseppe Rossi,10260,1.4982486865148863,1e-05,,
38700.0,Florent Sinama-Pongolle,2610,1.0993150684931505,1e-05,,
38701.0,Manuel Fernandes,2970,1.569277108433735,1e-05,,
38746.0,Sebastian Eguren,6840,1.2086614173228347,1e-05,,
38751.0,Ricardo Oliveira,1350,1.256578947368421,1e-05,,
38818.0,Javier Mascherano,13770,2.7878590078328975,1e-05,,
38821.0,Jose Antonio Reyes,12240,1.5866372980910426,1e-05,,
38822.0,Julio Baptista,2250,1.5515873015873014,1e-05,,
38842.0,Arthur Boka,2340,0.9198473282442747,0.05206338789446397,0.79200939772976,0.988938547459097
38886.0,Miguel Angel de las Cuevas,11970,0.9842342342342343,0.010753021408687136,0.9573055679965612,0.9979200035953495
38889.0,Juanma,1800,1.292079207920792,1e-05,,
38922.0,Lionel Scaloni,1620,1.4340659340659339,1e-05,,
39106.0,Piotr Trochowski,3690,1.4587378640776698,1e-05,,
39122.0,Jonas,7560,1.6163895486935869,1e-05,,
39142.0,Henok Goitom,3600,1.171641791044776,1e-05,,
39198.0,Fernando Damian Tissone,6570,0.9576502732240438,0.023379047977602912,0.9014177871120135,0.9907348117573241
39215.0,Michael Krohn-Dehli,9360,1.2773512476007678,1e-05,,
39474.0,Robert Acquafresca,1080,0.7459016393442623,0.1198270166606987,0.47971435518840516,0.9365888340250118
39562.0,Abdoulay Konko,3330,1.7768817204301075,1e-05,,
39719.0,Juan Vargas,1800,0.8465346534653465,0.07828158351927661,0.6649662915798855,0.9641261579452735
39782.0,Mehmet Topal,3060,1.6695906432748537,1e-05,,
39792.0,Arda Turan,9810,1.923992673992674,1e-05,,
39834.0,Sergio Pinto,630,0.9861111111111112,0.040868599154710625,0.8634703047325976,1.0
39854.0,Xavi Hernandez,17010,2.8282241014799148,1e-05,,
39990.0,Jeremy Toulalan,3870,1.3449074074074074,1e-05,,
40004.0,Hassan Yebda,1530,0.877906976744186,0.07674215316871712,0.6923639085023283,0.9826263348726038
40049.0,Modeste M'Bami,5040,1.0871886120996441,1e-05,,
40139.0,Guilherme Siqueira,9810,1.218864468864469,1e-05,,
40148.0,Enzo Perez,2520,1.3865248226950353,1e-05,,
40165.0,Pablo Osvaldo,3510,1.048469387755102,1e-05,,
40203.0,Ciprian Marica,1800,0.8465346534653465,0.07828158351927661,0.6649662915798855,0.9641261579452735
40220.0,Razvan Rat,1530,1.4593023255813953,1e-05,,
40428.0,McDonald Mariga,900,0.696078431372549,0.13743610487841268,0.3985795409171694,0.9214821423966068
40501.0,Adrian Gonzalez,11880,1.1883509833585477,1e-05,,
40523.0,Daniel Larsson,3420,0.9712041884816753,0.02671018530282728,0.9004377185545039,0.9990023101640135
40599.0,Joan Capdevila,11610,1.4713622291021673,1e-05,,
40600.0,Daniel Kome,1710,0.734375,0.09826927024258347,0.5219605051016494,0.9007470285671421
40636.0,Luis Suarez,5400,2.8920265780730903,1e-05,,
40668.0,Pedro Mosquera,7020,1.1138107416879797,1e-05,,
40675.0,Lluis Sastre,1800,0.9950495049504949,0.015243290587575032,0.9514614468374476,1.0
40710.0,Fernando Cavenaghi,630,0.9861111111111112,0.040868599154710625,0.8634703047325976,1.0
40719.0,Aaron Niguez,1350,1.125,1e-05,,
40721.0,Carl Medjani,1260,1.1338028169014085,1e-05,,
40775.0,Natxo Insa,900,1.0882352941176472,1e-05,,
40940.0,Daniel Carrico,5490,1.7826797385620916,1e-05,,
40956.0,Andre Castro,3330,0.9166666666666666,0.04471810744225416,0.8104124778545075,0.9813298305998772
40958.0,Helder Postiga,7380,0.9866180048661801,0.0125971786657664,0.953124111736873,0.9995431421006611
41016.0,Nivaldo,2070,1.0387931034482758,1e-05,,
41044.0,Kaka,5490,2.893790849673203,1e-05,,
41092.0,Benoit Tremoulinas,3780,1.7085308056872037,1e-05,,
41156.0,Esteban Granero,9180,1.9774951076320941,1e-05,,
41157.0,Giovani dos Santos,6930,1.4132124352331608,1e-05,,
41166.0,Marc Valiente,4950,1.2155797101449275,1e-05,,
41167.0,Filipe Luis,19170,1.5576923076923077,1e-05,,
41168.0,Alberto Bueno,7740,1.2540603248259863,1e-05,,
41196.0,Laszlo Sepsi,1620,1.4890109890109888,1e-05,,
41255.0,Juanlu,4860,1.311808118081181,1e-05,,
41292.0,Angel Rodriguez,630,1.263888888888889,1e-05,,
41294.0,David Barral,13410,1.039544235924933,1e-05,,
41464.0,Francisco Pavon,990,1.2589285714285714,1e-05,,
41468.0,Juan Mata,8640,1.7474012474012475,1e-05,,
41469.0,Miguel Nieto,540,1.6290322580645162,1e-05,,
41470.0,Miguel Torres,11610,1.1772445820433437,1e-05,,
41568.0,Jonathan Vila,540,0.8225806451612904,0.14237164168672434,0.46897145188002703,0.9928229945520177
41582.0,Marquitos,630,0.43055555555555564,0.17291527219428798,0.12249434146469206,0.7747556976887774
41622.0,Felipe Caicedo,7920,1.0782312925170068,1e-05,,
41667.0,Marius Stankevicius,2970,1.5993975903614457,1e-05,,
41707.0,Weligton,19260,1.223622782446312,1e-05,,
42168.0,Diego Lugano,900,1.0882352941176472,1e-05,,
42173.0,Mehmet Aurelio,2610,1.5102739726027397,1e-05,,
42310.0,Nasief Morris,4230,1.0402542372881356,1e-05,,
42312.0,Loukas Vyntra,6480,0.8601108033240997,0.040542800923025014,0.771875543189895,0.9295242386372495
42321.0,Alexandros Tziolis,900,0.7941176470588236,0.12082115239084548,0.5129015746505198,0.9687436844350618
42346.0,Sami Khedira,6210,2.5158959537572256,1e-05,,
42369.0,Javad Nekounam,10800,1.1073211314475875,1e-05,,
42479.0,Bruno Soriano,18180,1.380316518298714,1e-05,,
42524.0,Federico Piovaccari,1530,1.0523255813953487,1e-05,,
42664.0,Abdelkader Ghezzal,810,1.2065217391304348,1e-05,,
42714.0,Royston Drenthe,1800,1.2425742574257426,1e-05,,
42873.0,Andreas Ivanschitz,3240,0.8867403314917127,0.05195943310034936,0.7668783157813958,0.9666433021448648
43294.0,Bruno Vilela Gama,3420,1.2329842931937172,1e-05,,
43310.0,Nabil Baha,5400,1.2973421926910298,1e-05,,
43329.0,Kalu Uche,7470,1.2872596153846154,1e-05,,
43372.0,Piti,10350,1.1901041666666667,1e-05,,
43374.0,Javier Baraja,3870,1.0902777777777777,1e-05,,
43375.0,Mikel Rico,12690,1.1409348441926346,1e-05,,
45204.0,Tommer Hemed,6570,0.889344262295082,0.036418325231126994,0.8086637244688176,0.9499921378735029
45237.0,Paulao,5040,1.3362989323843417,1e-05,,
45244.0,Antunes,5130,1.1381118881118881,1e-05,,
45440.0,Francisco Chica,10980,1.1219312602291327,1e-05,,
45457.0,Nicolas Bertolo,2250,1.0357142857142856,1e-05,,
45605.0,Albert Crusat,7650,1.06924882629108,1e-05,,
45744.0,Adrian Lopez,11610,1.1772445820433437,1e-05,,
45749.0,Benat Etxebarria,11430,1.42374213836478,1e-05,,
46120.0,Nordin Amrabat,4140,1.0844155844155843,1e-05,,
46289.0,Imanol Agirretxe,9540,1.5357815442561207,1e-05,,
46295.0,Lautaro Acosta,1350,1.0592105263157896,1e-05,,
46297.0,Cristian Daniel Ansaldi,540,2.112903225806452,1e-05,,
46384.0,Pablo Piatti,13410,1.3277479892761395,1e-05,,
46391.0,Roberto Lago,6840,0.9724409448818898,0.01863181356369726,0.9259336294000193,0.9963346392139085
46407.0,Jean-Sylvain Babin,5310,0.9983108108108107,0.005292657468067526,0.9834650374016046,1.0
46509.0,Angel Di Maria,8460,2.6549893842887475,1e-05,,
46621.0,Nabil El Zhar,5760,1.1386292834890968,1e-05,,
46808.0,Javi Guerra,7560,1.0938242280285035,1e-05,,
46836.0,Pape Kouli Diop,15750,0.9252283105022832,0.01981481862543188,0.882059175439642,0.9592403622049805
47547.0,Emiliano Insua,2160,1.2851239669421486,1e-05,,
47565.0,Alberto De la Bella,12240,1.3883994126284875,1e-05,,
49672.0,Giancarlo Maldonado,540,0.18998868226870655,0.14423452898817876,0.010109815559638228,0.5424921390766502
49836.0,Fabian Orellana,11520,1.217628705148206,1e-05,,
49847.0,Marcelo Diaz,900,1.1862745098039216,1e-05,,
49866.0,Manuel Iturra,6480,0.8878116343490305,0.03688746293299361,0.8061213760318214,0.9492708271476592
49970.0,Gary Medel,6840,1.5498687664041997,1e-05,,
50027.0,Gato Silva,3870,0.8819444444444444,0.048534738540597686,0.7717172655435021,0.9589983957148682
50047.0,Alexis Sanchez,5850,2.992331288343559,1e-05,,
50048.0,Humberto Suazo,1530,1.2267441860465116,1e-05,,
50473.0,Pedro Morales,1080,1.4836065573770492,1e-05,,
50661.0,Eduardo Vargas,1170,1.2954545454545454,1e-05,,
51360.0,Jackson Martinez,630,1.263888888888889,1e-05,,
51545.0,Jose Salomon Rondon,5130,1.5227272727272727,1e-05,,
51953.0,Celso Borges,3420,1.0497382198952878,1e-05,,
52004.0,Victor Alvarez,5220,1.0670103092783505,1e-05,,
52563.0,Jefferson Montero,2700,1.3278145695364238,1e-05,,
56678.0,Diego Godin,22680,1.6181601903251388,1e-05,,
56686.0,Gonzalo Castro,13500,1.3655126498002663,1e-05,,
56819.0,Sebastian Fernandez,3510,1.5331632653061225,1e-05,,
56846.0,Dani Estrada,4680,1.2662835249042146,1e-05,,
56972.0,Carlos Sanchez,2160,0.7066115702479339,0.09070089931470006,0.5148634618255177,0.8660754815922398
57057.0,Andres Lamas,900,0.8921568627450981,0.09268465882935803,0.6531685561338645,0.9959550466665336
58294.0,Cristian Stuani,8910,1.0393145161290323,1e-05,,
58499.0,Bojan Jokic,1710,0.9947916666666666,0.01601547302142868,0.9489275413872237,1.0
66633.0,Jukka Raitala,810,1.2065217391304348,1e-05,,
67334.0,Abdoul Karim Yoda,1710,0.7864583333333334,0.09118081895737214,0.5832695749172987,0.9335916689304177
68411.0,Fernando Marquez,720,0.8658536585365854,0.11236155758715953,0.5797481412090522,0.9948261734130392
70255.0,Aquivaldo Mosquera,1440,1.2407407407407407,1e-05,,
70409.0,Javier Hernandez,540,3.5645161290322576,1e-05,,
70812.0,Hector Moreno,10440,1.2142857142857144,1e-05,,
70865.0,Pablo Barrera,1080,0.8278688524590164,0.10390191163522995,0.5819996376183277,0.9745557081952179
70891.0,Diego Daniel Colotto,13680,1.0847568988173457,1e-05,,
70949.0,Nikos Karabelas,2790,0.8685897435897435,0.05953797288219272,0.7320258973421029,0.9609266163295758
71353.0,Marko Marin,900,1.7745098039215685,1e-05,,
71563.0,Valdet Rama,900,1.2843137254901962,1e-05,,
71602.0,Claudio Beauvue,540,0.9838709677419355,0.046946906442400495,0.8414224257886389,1.0
72541.0,Cesar Azpilicueta,6210,1.0563583815028903,1e-05,,
72542.0,Oier,4590,0.666015625,0.06527847982507841,0.5325822340239397,0.7871635768958587
72623.0,Augusto Fernandez,10350,1.2508680555555556,1e-05,,
73078.0,Adam Pinter,2430,0.9963235294117646,0.011397016768194575,0.9639745939292927,1.0
74169.0,Daniel Wass,2790,1.3814102564102564,1e-05,,
74213.0,Toni Moral,1890,1.2783018867924527,1e-05,,
74302.0,Carlos Pena,3960,1.0203619909502262,1e-05,,
74403.0,Bruno Saltor,7830,1.3428899082568808,1e-05,,
74404.0,Carlos Garcia,4590,0.939453125,0.033010201293239616,0.8604713964110473,0.9866142868215838
74435.0,Domingo Cisma,14310,0.9491206030150754,0.01736202680284522,0.9101365762381246,0.9774984682209181
74663.0,Chico,6750,1.184840425531915,1e-05,,
74672.0,Dealbert,3870,1.6226851851851851,1e-05,,
74721.0,Carlos Lorens Bellvis,3060,0.8801169590643274,0.054749195052117276,0.7540785003029834,0.9645699901681848
74734.0,Ruben Suarez,2250,1.1547619047619047,1e-05,,
74739.0,Jorge Garcia,540,0.5,0.18633899812498247,0.1509370547029374,0.8490629452970626
74743.0,Rafael Sastre,4320,1.0186721991701244,1e-05,,
74747.0,Javi Fuego,16110,1.4402901785714286,1e-05,,
74751.0,Raul Camara,990,1.1696428571428572,1e-05,,
74752.0,Roberto Canella,9270,1.125,1e-05,,
74757.0,Edu Albacar,3060,0.8508771929824561,0.06003909603256642,0.7157702801975725,0.9474401774564208
74770.0,Kike Mateo,630,0.9861111111111112,0.040868599154710625,0.8634703047325976,1.0
74989.0,Artiles Oliva Aythami,9000,1.1087824351297406,1e-05,,
74990.0,Xabier Aranburu Castillo,2520,1.3156028368794326,1e-05,,
74991.0,David Garcia,1530,1.2848837209302324,1e-05,,
75001.0,Nauzet Aleman,1890,1.0896226415094339,1e-05,,
75004.0,Roberto Trashorras,13410,1.3076407506702414,1e-05,,
75192.0,Pedro Leon,14850,1.144673123486683,1e-05,,
75194.0,Ivan Alonso,3780,1.0450236966824644,1e-05,,
75196.0,Gregory Beranger,1170,0.8409090909090909,0.09706284871717999,0.609856169714915,0.9767192980050802
75199.0,Juan Ramon Cabrero Juanra,4050,0.9756637168141593,0.022670245057432738,0.9155356684322579,0.9991604294398373
75206.0,Sergio Ortega,1710,1.046875,1e-05,,
75216.0,Javier Del Pino,2250,0.9166666666666666,0.05399635585982444,0.784227804534701,0.9884732865089059
75239.0,Juanma Ortiz,7110,1.0366161616161618,1e-05,,
75306.0,Marcos Tebar,1440,0.993827160493827,0.0188857266741805,0.9394449363593588,1.0
75307.0,Daniel Parejo,15030,1.5735645933014353,1e-05,,
75310.0,Alvaro Negredo,15840,1.4534619750283768,1e-05,,
75342.0,Carlos Vela,13500,1.4587217043941412,1e-05,,
75350.0,Hector Sanchez,810,1.75,1e-05,,
75353.0,Pablo Sicilia,2970,1.0873493975903614,1e-05,,
75354.0,Ayoze Garcia Perez,2610,1.1335616438356164,1e-05,,
75371.0,Ricardo Leon,2610,1.0650684931506849,1e-05,,
75376.0,Julian Ramos Omar,4410,1.2215447154471544,1e-05,,
75392.0,Jauregi Inaki Bea,1260,0.7112676056338029,0.1162364872762693,0.4603158781378177,0.9061865483195726
75395.0,Ivan Hernandez,6390,1.0688202247191012,1e-05,,
75397.0,Rafa Lopez,9540,1.1308851224105463,1e-05,,
75398.0,Sisi,3690,0.7548543689320388,0.06621973522004306,0.6144333409544778,0.8718814367706413
75445.0,Duje Cop,2250,1.1944444444444444,1e-05,,
75447.0,Mario Mandzukic,2160,1.987603305785124,1e-05,,
75474.0,Javier Camunas,9720,1.0545286506469502,1e-05,,
75606.0,Jesus Perez Francis,6030,0.8199404761904762,0.046527211426783996,0.7203647875005292,0.9015232948383304
75608.0,Serrabasa Gerard,2700,1.162251655629139,1e-05,,
75609.0,Jesus Mendoza,1080,0.9918032786885246,0.024816806181126982,0.9195303507769802,1.0
75615.0,Vicente Moreno,1350,0.7960526315789473,0.10010884179669302,0.5685157500348978,0.9507709477696427
75616.0,Mikel Arruabarrena,2610,0.9280821917808219,0.047011917990194864,0.8123260226811402,0.9901332762469144
75619.0,Pedro Rios,6030,1.2068452380952381,1e-05,,
77741.0,Adil Rami,7920,1.5204081632653061,1e-05,,
77773.0,Sammir,1710,0.7864583333333334,0.09118081895737214,0.5832695749172987,0.9335916689304177
78404.0,Michel,7200,1.1733167082294265,1e-05,,
79737.0,Antonio Rukavina,9000,1.1786427145708585,1e-05,,
80295.0,Yuri Berchiche,3420,1.1806282722513088,1e-05,,
80492.0,Javi Moreno Marquez,10620,1.1175972927241964,1e-05,,
80497.0,Ivan Marcano,6750,1.4375000000000002,1e-05,,
80500.0,Oscar Diaz,900,1.7745098039215685,1e-05,,
88986.0,Hernan Perez,4230,1.0614406779661016,1e-05,,
92375.0,Cezary Wilk,540,0.6612903225806451,0.17637768497122852,0.2839948592589677,0.9423527175449747
93480.0,Sofiane Feghouli,9630,1.549440298507463,1e-05,,
93484.0,Aly Cissokho,1620,1.3241758241758241,1e-05,,
95078.0,Toni Kroos,6120,2.9780058651026398,1e-05,,
95509.0,Federico Fazio,9720,1.692236598890943,1e-05,,
96509.0,Joaquin Larrivey,4500,1.3964143426294822,1e-05,,
96616.0,Martin Caceres,3870,1.5532407407407407,1e-05,,
96617.0,Koikili Campo,4770,1.505639097744361,1e-05,,
96619.0,Markel Susaeta,18720,1.3597502401536983,1e-05,,
96620.0,Ion Velez,1620,1.4890109890109888,1e-05,,
96643.0,Bojan Krkic,2250,2.3055555555555554,1e-05,,
96652.0,Ruben Castro,11250,1.1669329073482428,1e-05,,
96838.0,Lica,1530,1.3430232558139534,1e-05,,
96852.0,Tiago Filipe Gomes,2250,0.9960317460317459,0.012282468932590614,0.9611099071889555,1.0
97226.0,Juan Quero,540,1.7903225806451615,1e-05,,
97234.0,Ivan Bolado,900,1.1862745098039216,1e-05,,
97319.0,Manuel Arana,3960,0.9524886877828054,0.031641656279927155,0.8739692941402006,0.9935930028651783
97334.0,Luis Moran,3960,1.0656108597285068,1e-05,,
97486.0,Henrique Sereno,2790,1.125,1e-05,,
97488.0,Yves Hadley Desmarets,630,0.43055555555555564,0.17291527219428798,0.12249434146469206,0.7747556976887774
97490.0,Pele,1260,0.7112676056338029,0.1162364872762693,0.4603158781378177,0.9061865483195726
97491.0,Geromel,2610,1.0308219178082192,1e-05,,
97762.0,Takashi Inui,1620,1.5439560439560438,1e-05,,
99047.0,David Zurutuza,10710,1.3766778523489933,1e-05,,
99054.0,Diego Ifran,1260,1.3450704225352113,1e-05,,
99333.0,Jose Manuel Casado,9450,1.170152091254753,1e-05,,
100033.0,Alvaro Pereira,540,0.5,0.18633899812498247,0.1509370547029374,0.8490629452970626
101070.0,Gregory Arnolin,6840,0.9986876640419948,0.004120298753471307,0.9871566654016164,1.0
101419.0,Odion Ighalo,3510,1.0739795918367347,1e-05,,
101422.0,Diego Perotti,7290,1.5160098522167489,1e-05,,
102002.0,Asier Goiria,2430,1.1801470588235294,1e-05,,
102374.0,Mario Martinez,1080,1.0737704918032787,1e-05,,
102572.0,Adrian Colunga,8820,1.1619144602851326,1e-05,,
102612.0,Antonio Apono,10800,1.3402662229617306,1e-05,,
102614.0,Manuel Castro Pavon,810,1.75,1e-05,,
102619.0,Mario Bermejo,4410,1.0182926829268293,1e-05,,
102620.0,Carlos Martinez,10080,1.4893048128342248,1e-05,,
102622.0,Markel Bergara,10260,1.3318739054290718,1e-05,,
102623.0,Borja Viguera,540,1.306451612903226,1e-05,,
102630.0,Sergio Pelegrin,1800,0.7475247524752475,0.09435268464450719,0.5425420761623201,0.9063061176667266
102699.0,Foued Kadir,540,0.8225806451612904,0.14237164168672434,0.46897145188002703,0.9928229945520177
102879.0,Salva Sevilla,6300,1.3689458689458691,1e-05,,
102912.0,Carlos Calvo,2340,0.9580152671755725,0.03845452577686867,0.8564862538659399,0.9985266148601967
103139.0,Diego Buonanotte,1170,0.8409090909090909,0.09706284871717999,0.609856169714915,0.9767192980050802
103424.0,Gabriel Torje,2790,1.0288461538461537,1e-05,,
103450.0,Yevheniy Konoplyanka,1350,1.7171052631578947,1e-05,,
103904.0,Emilio Nsue,7020,1.0626598465473147,1e-05,,
103905.0,Juanfran,8190,1.042763157894737,1e-05,,
104382.0,Roberto Rosales,6210,1.0130057803468209,1e-05,,
105351.0,Simao,7380,0.8527980535279805,0.03884348732457571,0.7690723786643139,0.920313450853409
106600.0,Gaston Sangoy,1890,0.9952830188679245,0.014542158688712893,0.9537558941297962,1.0
107929.0,Alberto Botia,11970,0.9542042042042043,0.018045013447132562,0.9129221492150551,0.9827042338342447
107930.0,Victor Sanchez Mata,15480,1.1155632984901278,1e-05,,
108568.0,Ever Banega,13140,1.7038303693570451,1e-05,,
108572.0,David Lomban,7920,1.0102040816326532,1e-05,,
108809.0,Kike Sola,4320,1.0394190871369293,1e-05,,
109621.0,Steven Nzonzi,1980,1.4909909909909909,1e-05,,
110331.0,Brayan Angulo,3240,0.8591160220994475,0.05704075195543658,0.7304357598288871,0.9505391636812116
111190.0,Laure,8010,0.9988789237668162,0.0035234712230528056,0.9890296523685592,1.0
111237.0,Vicente Iborra,13230,1.4884510869565217,1e-05,,
111801.0,Alfred N'Diaye,4500,0.8784860557768924,0.04566101010060166,0.77599677785708,0.9526309319323382
111885.0,Efrain Juarez,1260,0.9225352112676056,0.06856805841022014,0.7435515377644384,0.9971838702136271
111975.0,Manucho,5580,1.1591639871382637,1e-05,,
111994.0,Tsepo Masilela,630,0.8472222222222222,0.12563823811820413,0.5305116110812311,0.9939870688623514
112205.0,Cala,5040,1.1761565836298933,1e-05,,
112758.0,Ignacio Camacho,11790,1.1745426829268293,1e-05,,
113311.0,Mauro Dos Santos,5130,1.1381118881118881,1e-05,,
113318.0,Facundo Sebastian Roncaglia,1350,0.5328947368421053,0.12395686632511034,0.28969816619175437,0.7678930790397994
113627.0,Hernan Dario Bernardello,6120,0.9545454545454546,0.025039976636234154,0.8943709177312141,0.9900378666612522
113672.0,Mateo Pablo Musacchio,10530,1.3916382252559727,1e-05,,
114044.0,Alvaro Dominguez,6030,1.5044642857142858,1e-05,,
114339.0,Cristian Maidana,540,0.6612903225806451,0.17637768497122852,0.2839948592589677,0.9423527175449747
115229.0,Guilherme Santos,1170,1.2196969696969697,1e-05,,
115519.0,Luisinho,4050,1.0420353982300885,1e-05,,
115798.0,Baba,1530,1.2848837209302324,1e-05,,
118528.0,Michu,3330,1.293010752688172,1e-05,,
121716.0,Juan Forlin,9180,1.0772994129158513,1e-05,,
121872.0,Sidnei,6840,0.9986876640419948,0.004120298753471307,0.9871566654016164,1.0
122047.0,Mariano,1620,1.7087912087912085,1e-05,,
127370.0,Felipe Mattioni Rohde,1620,1.5989010989010988,1e-05,,
127894.0,Hector Rodas,1890,0.9009433962264151,0.06340360954798212,0.7462997934077258,0.9861414998555204
128037.0,Henrique,5040,1.1583629893238434,1e-05,,
128360.0,Edimar Fraga,1530,0.4127906976744186,0.11540529097986603,0.19944038168565068,0.6453462233887266
128732.0,Jonathas,4590,1.056640625,1e-05,,
128870.0,Sandro Laurindo da Silva,900,1.1862745098039216,1e-05,,
129326.0,Franco Daniel Jara,2070,1.211206896551724,1e-05,,
130298.0,John Guidetti,990,1.4375,1e-05,,
134236.0,Tino Costa,5850,1.5199386503067487,1e-05,,
143795.0,Fausto Rossi,3690,0.9975728155339806,0.007574735447474443,0.976231464535786,1.0
148827.0,Abdoulwahid Sissoko,720,0.6219512195121951,0.15986675839976472,0.2912835724759461,0.8968269792339559
149584.0,Ariel Nahuelpan,1800,1.0445544554455444,1e-05,,
150045.0,Ruben Micael,2070,0.9956896551724137,0.01331712027270096,0.9577504260585675,1.0
150080.0,Miguel Lopes,2070,1.254310344827586,1e-05,,
150081.0,Silvio,2160,1.409090909090909,1e-05,,
150093.0,Eduardo Salvio,1980,1.536036036036036,1e-05,,
150250.0,Pedro Rodriguez,12150,2.7300295857988166,1e-05,,
150296.0,Sebastian Dubarbier,5220,0.9639175257731959,0.024238583715815235,0.9035632633659635,0.9951727221125898
150316.0,Michel,6300,1.0555555555555556,1e-05,,
150323.0,Ander Iturraspe,11790,1.3727134146341464,1e-05,,
150330.0,Jose Maria Callejon,8370,1.449570815450644,1e-05,,
150480.0,Lora,10800,1.0074875207986689,1e-05,,
150498.0,Dimas Delgado,1620,0.9395604395604394,0.054384156304475684,0.7967679335821475,0.9978400292727322
150574.0,Jesus Rueda,5310,1.099662162162162,1e-05,,
150632.0,Jordi Feliu Xumetra,2790,0.8365384615384615,0.06516626225425416,0.6905437328329005,0.9419868968338035
150644.0,Jonathan Pereira,5490,1.3088235294117647,1e-05,,
150647.0,Edu Bedia,630,0.2916666666666667,0.15872864643104592,0.04758327846517652,0.6428847814412667
150649.0,Sergio Canales,8550,1.2930672268907564,1e-05,,
150731.0,Antonio Amaya,7470,1.1430288461538463,1e-05,,
150735.0,Manuel Lillo Castellano,2610,0.8938356164383561,0.056055054307332645,0.7616236380593226,0.9758898361776573
150737.0,Jose Catala,1710,0.9427083333333333,0.05170811625839022,0.8068056975984136,0.9979589209991375
150739.0,Jordi Alba,13500,2.484021304926764,1e-05,,
150754.0,Jaime,540,0.8225806451612904,0.14237164168672434,0.46897145188002703,0.9928229945520177
150764.0,Bernardo,3600,0.8482587064676617,0.055894290260499996,0.7238467516686619,0.9400673833602039
150769.0,Pedro Botelho,1620,1.1043956043956042,1e-05,,
150770.0,Miku,7830,1.331422018348624,1e-05,,
150824.0,Txema Anibarro,1080,0.4180327868852459,0.13575863608173427,0.17019404382046785,0.6912724717981524
150832.0,Gaizka Toquero,7020,1.4207161125319694,1e-05,,
150869.0,Thimothee Kolodziejczak,3780,1.613744075829384,1e-05,,
150872.0,Wakaso Mubarak,2700,1.2615894039735098,1e-05,,
150968.0,Ivan Obradovic,3420,0.9973821989528795,0.008161238909048315,0.9743622354058984,1.0
151058.0,Dani Benitez,3420,0.7094240837696335,0.07251698483966329,0.5580064156982978,0.8400884241015778
151063.0,Coke,9630,1.4841417910447763,1e-05,,
151075.0,Pablo Cendros,4320,1.0186721991701244,1e-05,,
151079.0,Alejandro Bergantinos,8370,0.9452789699570816,0.023433204278990462,0.8911436020862646,0.9815391091339563
154232.0,Grzegorz Krychowiak,5040,1.4786476868327403,1e-05,,
154256.0,Xavier Torres,11160,1.0877616747181964,1e-05,,
154257.0,Sergio Busquets,19170,2.7772045028142585,1e-05,,
154259.0,Jeffren Suarez,900,1.6764705882352942,1e-05,,
154938.0,Mikel Balenziaga,13500,1.3521970705725699,1e-05,,
155050.0,Federico Fernandez,1170,0.9924242424242424,0.02301004904921431,0.9256425384806346,1.0
156097.0,Keko,2430,1.4742647058823528,1e-05,,
157869.0,Marco Natanel Torsiglieri,2340,1.1106870229007633,1e-05,,
158263.0,Dorlan Pabon,2250,1.5119047619047619,1e-05,,
159598.0,Rui Fonte,720,1.5975609756097562,1e-05,,
159881.0,Xabier Etxeita,5400,1.3803986710963456,1e-05,,
160599.0,Toby Alderweireld,630,1.125,1e-05,,
160844.0,Jaume Costa,6570,1.4221311475409837,1e-05,,
161015.0,Iago Falque,2340,1.3778625954198471,1e-05,,
161291.0,Youssef El Arabi,9720,0.9990757855822552,0.002907865179720959,0.9909570831053068,1.0
161651.0,Jose Canas,6570,1.1898907103825138,1e-05,,
162497.0,Jose Angel,5940,1.1797583081571,1e-05,,
163199.0,Vladimir Weiss,1710,1.1510416666666665,1e-05,,
163205.0,Gael Kakuta,3240,1.1629834254143645,1e-05,,
163236.0,Manu Torres,1710,1.046875,1e-05,,
163971.0,Didac Vila,7110,1.0871212121212122,1e-05,,
164033.0,Ivan Pillud,540,0.5,0.18633899812498247,0.1509370547029374,0.8490629452970626
164210.0,Lassad Nouioui,3240,1.0248618784530386,1e-05,,
164676.0,Ander Herrera,12420,1.2959479015918958,1e-05,,
164684.0,James Rodriguez,4140,3.3787878787878793,1e-05,,
165607.0,Jose Carlos,1980,1.3108108108108107,1e-05,,
165706.0,Abraham Gonzalez,3780,1.1161137440758293,1e-05,,
166111.0,Michel Herrero,3420,0.9450261780104712,0.036404649318106275,0.8548956211618849,0.9925478019816536
166648.0,Carlos Bacca,5220,1.8230240549828178,1e-05,,
166702.0,"Lolo Reyes,23",2070,1.0387931034482758,1e-05,,
167027.0,Abdelaziz Barrada,4950,1.1431159420289854,1e-05,,
167069.0,Diego Seoane Perez,810,0.6630434782608696,0.1479986831541169,0.34875629408088477,0.9108407095925722
167376.0,Joao Victor,2160,0.7066115702479339,0.09070089931470006,0.5148634618255177,0.8660754815922398
169196.0,Javier Matilla,1800,1.1435643564356435,1e-05,,
170341.0,Eneko Boveda,4500,1.0776892430278884,1e-05,,
170365.0,Nosa Emanuel Igiebor,990,1.3482142857142858,1e-05,,
170667.0,Rene Krhin,2700,0.6324503311258278,0.08631652205851159,0.45636578701547015,0.7919158100303714
170775.0,Haris Seferovic,540,1.306451612903226,1e-05,,
171992.0,Elias,900,1.4803921568627452,1e-05,,
172147.0,Jordi Figueras,4320,1.0186721991701244,1e-05,,
172324.0,Javier Aquino,2790,1.2852564102564101,1e-05,,
172430.0,Cicinho,1710,1.5156249999999998,1e-05,,
172948.0,Andreu Fontas,7200,1.3478802992518704,1e-05,,
172949.0,Thiago Alcantara,3690,2.8179611650485445,1e-05,,
173427.0,Lucas Alfonso Orban,1080,1.237704918032787,1e-05,,
173885.0,Joan Oriol,2340,1.0725190839694656,1e-05,,
173965.0,Raul Navas,2520,0.9609929078014184,0.0358294757725639,0.8663170990241835,0.9986350801357543
174321.0,Nicolas Otamendi,3150,1.7642045454545454,1e-05,,
174472.0,Iago Aspas,6210,1.2297687861271678,1e-05,,
175305.0,Borja Garcia,1980,0.545045045045045,0.10338473173074618,0.34070028358446325,0.7416968079492613
175311.0,Kiko,1890,0.8066037735849056,0.08382578620860531,0.6183822920709137,0.940531040757527
177503.0,Gabriel Paulista,2880,1.5869565217391304,1e-05,,
178574.0,Adrian Gunino,1890,0.5235849056603774,0.1060009672370011,0.31599746040988874,0.726954258819239
178802.0,Franco Zuculini,1530,1.3430232558139534,1e-05,,
178955.0,Stefan Savic,630,1.125,1e-05,,
179009.0,Dejan Lekic,810,0.8804347826086957,0.10158999496316135,0.6198875917577068,0.9954597364545417
179083.0,Willian Jose,1440,1.2407407407407407,1e-05,,
179407.0,Issam El Adoua,900,0.5980392156862745,0.1465033861711358,0.30018206844529166,0.8596467687915438
179772.0,Iker Muniain,14310,1.4641959798994975,1e-05,,
179795.0,Yacine Brahimi,4860,0.9243542435424354,0.03559114549231601,0.8413340328899095,0.978148718375742
181203.0,Flavio Nunes Ferreira,1260,1.204225352112676,1e-05,,
181297.0,Oscar de Marcos,14580,1.2583230579531444,1e-05,,
181984.0,Marco Andreolli,630,1.402777777777778,1e-05,,
182138.0,Leonel Galeano,540,0.9838709677419355,0.046946906442400495,0.8414224257886389,1.0
182224.0,Mikel San Jose,14490,1.4708436724565757,1e-05,,
182456.0,Lisandro Lopez,2340,0.8816793893129771,0.06193000192748238,0.7362102219413476,0.972931675054157
182921.0,Victor Ruiz,12240,1.197503671071953,1e-05,,
182928.0,Sergio Tejera,1350,0.993421052631579,0.020085718807067377,0.9354505671482912,1.0
183184.0,Marcos Gullon,810,0.6630434782608696,0.1479986831541169,0.34875629408088477,0.9108407095925722
183185.0,Mario Gaspar,12510,1.1573275862068966,1e-05,,
183327.0,Alvaro Gimenez,900,1.1862745098039216,1e-05,,
183331.0,Ernesto Galan,2160,1.1611570247933884,1e-05,,
183346.0,Victor Perez,3510,0.9974489795918366,0.007955899439819947,0.9750171409798735,1.0
183350.0,Alvaro Cejudo,10260,1.0691768826619965,1e-05,,
183365.0,Luis Farina,990,1.0803571428571428,1e-05,,
183449.0,Tito,13410,1.294235924932976,1e-05,,
183462.0,Hugo Mallo,9810,1.2554945054945055,1e-05,,
183497.0,Dani Castellano,2250,1.234126984126984,1e-05,,
183498.0,Javi Lara,1440,0.7469135802469136,0.1048347769525964,0.5169958182745129,0.9194875067239847
183548.0,Stefan Scepovic,1530,0.877906976744186,0.07674215316871712,0.6923639085023283,0.9826263348726038
184091.0,Tono,3780,1.0687203791469193,1e-05,,
184114.0,Heldon,540,0.5,0.18633899812498247,0.1509370547029374,0.8490629452970626
184138.0,Antoine Griezmann,17100,1.5935856992639328,1e-05,,
184533.0,Koke,13320,1.829284750337382,1e-05,,
184536.0,Philippe Coutinho,1260,1.3450704225352113,1e-05,,
184999.0,Shkodran Mustafi,5670,1.5205696202531647,1e-05,,
185123.0,Javi Lopez,13860,1.116083009079118,1e-05,,
186121.0,Jose Raul Baena,10800,1.1489184692179701,1e-05,,
186122.0,Javi Lopez,810,0.9891304347826088,0.032466298920959806,0.893208487964109,1.0
186748.0,Pizzi,4590,1.251953125,1e-05,,
186991.0,German Pezzela,1800,0.9455445544554455,0.049282612990435314,0.8159021902966663,0.998065406903341
187279.0,Cedric,720,0.9878048780487805,0.036185513783915144,0.8801514790900458,1.0
188060.0,Inigo Perez,1440,1.302469135802469,1e-05,,
188517.0,Ivan Gonzalez,2340,1.034351145038168,1e-05,,
188540.0,Santiago Vergini,2160,0.9958677685950412,0.012778882736415323,0.9594996940800699,1.0
189101.0,Jonathan dos Santos,3330,1.0779569892473118,1e-05,,
189178.0,Juan Dominguez Lamas,4680,1.1130268199233717,1e-05,,
189192.0,Aleix Vidal,5760,1.6838006230529596,1e-05,,
189922.0,Ibrahima Balde,1620,1.2692307692307692,1e-05,,
190452.0,Juan Rafael Fuentes,5490,1.2434640522875817,1e-05,,
190669.0,Sergio Ezequiel Araujo,1800,0.9950495049504949,0.015243290587575032,0.9514614468374476,1.0
191136.0,Jon Aurtenetxe,7290,1.2697044334975371,1e-05,,
191315.0,Isco,12150,2.0865384615384612,1e-05,,
191784.0,Abdoulaye Ba,1800,1.0445544554455444,1e-05,,
191873.0,Juanmi,2790,1.157051282051282,1e-05,,
191906.0,Alejandro Arribas,12870,1.083100558659218,1e-05,,
192065.0,Andres Tunez,2700,0.9635761589403973,0.03353965547182661,0.8748894415279531,0.9987286706322711
192770.0,Aymen Abdennour,1980,1.0405405405405406,1e-05,,
192841.0,Carlos Lazaro Vallejo,540,0.5,0.18633899812498247,0.1509370547029374,0.8490629452970626
193223.0,Jordi Amat,5400,1.2308970099667773,1e-05,,
193224.0,Sergi Enrich,2250,1.2738095238095237,1e-05,,
193226.0,Francisco Portillo,4680,1.3237547892720307,1e-05,,
193869.0,Rodrigo,3510,1.5331632653061225,1e-05,,
193870.0,David Mateos,810,0.7717391304347826,0.13141680623062513,0.4694972502367347,0.9647107098803512
193930.0,Enzo Roco,5220,0.9982817869415808,0.00538275023003463,0.983180659823552,1.0
193978.0,Tomas Pina,10260,1.1217162872154116,1e-05,,
194660.0,Lucas Perez,4770,1.1860902255639096,1e-05,,
195305.0,Marc Bartra,3060,2.956140350877194,1e-05,,
195335.0,Damian Suarez,9990,0.9811151079136691,0.012850523109273947,0.948961011796949,0.9975031880202764
195589.0,Samuele Longo,810,1.2065217391304348,1e-05,,
196188.0,Rodri,2610,1.202054794520548,1e-05,,
196203.0,Stefan Mitrovic,1440,0.8703703703703703,0.0809915975945261,0.6751431203732351,0.9814498436913726
198217.0,Ognjen Vranjes,900,0.696078431372549,0.13743610487841268,0.3985795409171694,0.9214821423966068
198566.0,Luis Alberto,2790,1.157051282051282,1e-05,,
198583.0,Richmond Boakye,1080,0.6639344262295082,0.13001325803512978,0.38963416465027606,0.8875794048219188
199839.0,Francisco Velez,1620,1.0494505494505493,1e-05,,
200630.0,Michael Pereira,6930,1.0764248704663213,1e-05,,
200917.0,Borja Baston,2610,1.3390410958904109,1e-05,,
201111.0,Diego Reyes,2340,0.9961832061068702,0.011823185685816315,0.962597008438519,1.0
201916.0,Alvaro Arroyo,1980,0.9054054054054054,0.06075901283649586,0.7569717025164762,0.9868086633681933
201918.0,Pedro Orfila Artime,900,1.1862745098039216,1e-05,,
201939.0,Cedric Bakambu,1890,1.2311320754716981,1e-05,,
202220.0,Wellington Silva,2070,0.8232758620689655,0.07753770530489702,0.6481218120577623,0.946155112870856
202553.0,Antonio Luna,4320,1.2053941908713692,1e-05,,
202610.0,Fidel,3330,0.7553763440860215,0.0695503363765071,0.6073244614375315,0.8774734966037823
202639.0,Sergio Alvarez,2790,1.060897435897436,1e-05,,
205034.0,Alex Lopez,5670,1.2199367088607596,1e-05,,
205278.0,Asier Illarramendi,9630,1.9225746268656718,1e-05,,
206301.0,Guerrero,1170,0.9166666666666667,0.07334506948341782,0.7256312144566655,0.9969524166853859
208077.0,Danilo,2070,2.849137931034483,1e-05,,
208494.0,Casemiro,1530,2.8546511627906974,1e-05,,
209922.0,Oscar Duarte,1170,1.5227272727272727,1e-05,,
209950.0,Sergio Escudero,5940,1.04380664652568,1e-05,,
210065.0,Bebe,3870,0.9976851851851851,0.00722842623701593,0.9773332223787404,1.0
212470.0,Oriol Romeu,630,1.5416666666666667,1e-05,,
212472.0,Sergi Roberto,2160,2.8553719008264467,1e-05,,
213470.0,Ibai Gomez,3330,0.9435483870967741,0.0373412269895498,0.851141996106331,0.9923395168610933
213482.0,Jorge Pulido,1170,2.128787878787879,1e-05,,
213486.0,Nolito,9000,1.3483033932135728,1e-05,,
213489.0,Alvaro Vazquez,7020,1.0754475703324808,1e-05,,
213498.0,Julian Luque,540,0.5,0.18633899812498247,0.1509370547029374,0.8490629452970626
213499.0,Nacho Fernandez,2700,2.884105960264901,1e-05,,
213501.0,Alvaro Morata,540,2.274193548387097,1e-05,,
213653.0,Charles,6660,1.1603773584905661,1e-05,,
213688.0,Martin Montoya,3690,2.3567961165048543,1e-05,,
213694.0,Carles Planas,2520,1.2446808510638296,1e-05,,
213695.0,Abraham Minero,5220,1.0498281786941581,1e-05,,
213702.0,Isaac Cuenca,2610,1.886986301369863,1e-05,,
213704.0,Cristian Tello Herrera,1530,2.970930232558139,1e-05,,
213707.0,Edu Oriol,1170,0.9924242424242424,0.02301004904921431,0.9256425384806346,1.0
213711.0,Ruben Rochina,5490,1.2107843137254901,1e-05,,
213712.0,Saul Berjon,4050,1.0641592920353982,1e-05,,
213714.0,Luso,1440,0.4382716049382716,0.11963840997790334,0.21451612957126734,0.6764617451294936
213729.0,Jonathan Viera,5580,1.1430868167202572,1e-05,,
213805.0,Vitolo,6570,1.6133879781420766,1e-05,,
213809.0,Allan Nyom,12060,0.8204172876304024,0.033011200558812494,0.7514176764303163,0.8803816003608183
213812.0,Inigo Lopez,6750,0.8922872340425533,0.035514723945047844,0.8135539722899444,0.9513748903032656
213814.0,Anaitz Arbilla,5940,1.285498489425982,1e-05,,
213823.0,Borja Gomez,2790,0.9967948717948717,0.009960879002715368,0.9686006342008228,1.0
213916.0,Vicente Gomez,1440,1.1172839506172838,1e-05,,
214449.0,Salvador Agra,630,1.5416666666666667,1e-05,,
214972.0,Geoffrey Kondogbia,2070,1.5560344827586206,1e-05,,
215405.0,Kevin Garcia,2250,1.1150793650793651,1e-05,,
215584.0,David Lopez,3060,1.0847953216374269,1e-05,,
215927.0,Juan Carlos,6840,1.0643044619422573,1e-05,,
230982.0,Raphael Varane,6570,2.9795081967213117,1e-05,,
230993.0,Raul Rodriguez,5490,1.0147058823529411,1e-05,,
231811.0,Raoul Loe,3330,0.8897849462365591,0.05066771323624786,0.7727935109611437,0.9675914970974228
238786.0,Zakarya Bergdich,1710,0.9947916666666666,0.01601547302142868,0.9489275413872237,1.0
238841.0,Jose Recio,9630,1.101679104477612,1e-05,,
239350.0,Cristiano Biraghi,2880,1.1832298136645962,1e-05,,
239964.0,Cristiano Piccini,1260,0.9225352112676056,0.06856805841022014,0.7435515377644384,0.9971838702136271
239965.0,Isma Lopez,3060,1.1140350877192982,1e-05,,
240054.0,Pablo Sarabia,8280,0.9229934924078091,0.027615637749112,0.8608676032511092,0.9678758752879012
241825.0,Francisco Alcacer,6480,1.60803324099723,1e-05,,
241997.0,Liassine Cadamuro,1530,0.877906976744186,0.07674215316871712,0.6923639085023283,0.9826263348726038
242094.0,Joel Campbell,3330,1.1048387096774193,1e-05,,
242151.0,Borja Ekiza,5940,1.1797583081571,1e-05,,
242469.0,Rafinha,3780,1.613744075829384,1e-05,,
242477.0,Nacho Cases,4770,1.1484962406015038,1e-05,,
242783.0,Diogo Figueiras,3420,1.9136125654450262,1e-05,,
243163.0,David Timor Copovi,1080,1.319672131147541,1e-05,,
243781.0,Hernan,900,1.1862745098039216,1e-05,,
244136.0,Fede Vico,630,0.5694444444444444,0.17291527219428798,0.22524430231122258,0.8775056585353079
244563.0,Jota,720,0.8658536585365854,0.11236155758715953,0.5797481412090522,0.9948261734130392
246177.0,Pablo Hernandez,3870,1.159722222222222,1e-05,,
246218.0,David Junca,2250,1.0753968253968254,1e-05,,
246438.0,Gerard Moreno,3060,1.026315789473684,1e-05,,
251256.0,Javier Espinosa Gonzalez,720,1.353658536585366,1e-05,,
251925.0,Gerard Deulofeu,540,2.435483870967742,1e-05,,
254702.0,Thievy Bifouma,2520,1.2092198581560283,1e-05,,
256727.0,Alhassane Bangoura,6480,1.1786703601108035,1e-05,,
257855.0,Alvaro Gonzalez Soberon,12600,1.0492154065620543,1e-05,,
260659.0,Ximo Navarro,3600,0.972636815920398,0.02541616727875097,0.9052749779028062,0.9990532541896029
261609.0,Dimitri Foulquier,3870,0.9050925925925926,0.0440844498668078,0.8028323985127308,0.9723131541415506
262592.0,Moi Gomez,3690,1.3859223300970873,1e-05,,
264293.0,Alex Martinez,720,1.2317073170731707,1e-05,,
265275.0,Naldo,2520,0.8900709219858156,0.05788648428059578,0.7537112301558697,0.9749783810683035
265727.0,Alexandre Coeff,720,0.8658536585365854,0.11236155758715953,0.5797481412090522,0.9948261734130392
268039.0,Anderson Conceicao,990,0.9017857142857143,0.08520382495258466,0.6811749296613602,0.9963529089777535
268273.0,Bruno Gonzalez,2880,0.9347826086956521,0.042851692679942606,0.8290370379685036,0.991095044433528
268282.0,Manuel Trigueros,6750,1.384308510638298,1e-05,,
279173.0,Faycal Fajr,5400,0.9983388704318936,0.005205530958497296,0.9837399589075625,1.0
280276.0,Suso,2340,1.1870229007633588,1e-05,,
280483.0,Jonathan Zongo,2430,0.8492647058823529,0.06737588147949364,0.6956974639230434,0.9547163870952244
280485.0,Angel Trujillo,6930,0.9727979274611399,0.018395387427958383,0.9268761216284482,0.9963830056779114
280638.0,Aleksandar Pantic,4590,0.822265625,0.05291228680278685,0.707601889047137,0.9131670445887717
280890.0,Toni,990,1.0803571428571428,1e-05,,
280977.0,Tiago Ilori,810,0.5543478260869565,0.15562848981822125,0.24679333491559963,0.839633023701541
281085.0,Jese Rodriguez,630,2.6527777777777777,1e-05,,
282281.0,Denis Suarez,3690,1.337378640776699,1e-05,,
282467.0,Alvaro Vadillo,1170,1.371212121212121,1e-05,,
282470.0,Alejandro Pozuelo,1260,1.204225352112676,1e-05,,
282472.0,Sergi Darder,5310,1.1334459459459458,1e-05,,
282473.0,Zouhair Feddal,2520,0.9609929078014184,0.0358294757725639,0.8663170990241835,0.9986350801357543
282475.0,Christian Gomez,1440,1.1172839506172838,1e-05,,
282674.0,Daniel Carvajal,6210,2.8338150289017343,1e-05,,
282676.0,Inigo Martinez,14310,1.4704773869346734,1e-05,,
282678.0,Ruben Pardo,6570,1.5587431693989073,1e-05,,
282689.0,Alex Menendez,990,1.0803571428571428,1e-05,,
282691.0,Juan Bernat,2610,1.4075342465753424,1e-05,,
282713.0,Fran Rico,7560,0.8681710213776722,0.03665120763814968,0.7886099845888443,0.9312276820373865
287231.0,Jairo,2700,1.3278145695364238,1e-05,,
287689.0,Formose Mendy,540,1.306451612903226,1e-05,,
287691.0,Ivan Lopez,2970,1.0271084337349397,1e-05,,
291425.0,Jhon Cordoba,2790,0.8365384615384615,0.06516626225425416,0.6905437328329005,0.9419868968338035
291635.0,Pedro Bigas,5490,1.0473856209150327,1e-05,,
292262.0,Roque Mesa,3060,1.2309941520467835,1e-05,,
294003.0,Luciano Dario Vietto,2610,1.5445205479452053,1e-05,,
295198.0,Eneko Satrustegui,540,0.5,0.18633899812498247,0.1509370547029374,0.8490629452970626
300623.0,Roberto Torres,2340,0.9961832061068702,0.011823185685816315,0.962597008438519,1.0
301456.0,Jeison Murillo,4140,0.803030303030303,0.05788881720799567,0.6781979759204083,0.903089527746784
301809.0,Nabil Ghilas,2700,0.6655629139072847,0.08446455058616059,0.49109080622174944,0.8192718225856224
302912.0,Garry Mendes Rodrigues,1890,0.8537735849056604,0.07499076538433126,0.6793682293145942,0.9659715279712591
303088.0,Roger,630,0.43055555555555564,0.17291527219428798,0.12249434146469206,0.7747556976887774
303484.0,Alejandro Galvez,5490,1.357843137254902,1e-05,,
306407.0,Sebastian Cristoforo,1350,1.256578947368421,1e-05,,
309334.0,Saul Niguez,6210,1.5332369942196533,1e-05,,
309537.0,Deivid,1890,0.5707547169811321,0.10505120373669177,0.3608477213405609,0.7680110917818501
314605.0,Alberto Moreno,3510,1.9158163265306123,1e-05,,
316771.0,Oliver Torres,1350,1.0592105263157896,1e-05,,
317569.0,Nono,1530,0.8197674418604651,0.09010030525433224,0.6129525641558222,0.9571533956906275
317775.0,Emanuel Insua,1080,0.6639344262295082,0.13001325803512978,0.38963416465027606,0.8875794048219188
318526.0,Ruben Vezo,1710,1.7760416666666665,1e-05,,
323438.0,Fredy Hinestroza,1890,0.9009433962264151,0.06340360954798212,0.7462997934077258,0.9861414998555204
324578.0,Rodrigo De Paul,720,1.475609756097561,1e-05,,
352887.0,Abdoulaye Doucoure,1170,1.5227272727272727,1e-05,,
354467.0,Yannick Ferreira-Carrasco,1440,1.7345679012345676,1e-05,,
358127.0,Leo Baptistao,6660,1.1738544474393533,1e-05,,
358138.0,Ruben Duarte,2880,1.0279503105590062,1e-05,,
358148.0,Sergi Gomez,3870,1.136574074074074,1e-05,,
358289.0,Carles Gil,2790,0.7724358974358974,0.07388481084044597,0.6128184604754898,0.8990847697810735
358339.0,David Simon,2160,1.202479338842975,1e-05,,
359190.0,Jose Rodriguez,1530,0.7616279069767442,0.09987652769904462,0.5412423308282461,0.9248126750345383
359191.0,Omar Mascarell,1800,0.6485148514851485,0.10369206472621736,0.43401374852214025,0.8351858847271063
359193.0,Lucas Vazquez,3600,1.718905472636816,1e-05,,
359194.0,Quini,2880,1.3385093167701863,1e-05,,
359197.0,Denis Cheryshev,2160,1.6157024793388428,1e-05,,
360918.0,Johny,9630,1.2416044776119404,1e-05,,
361322.0,Bruma,1260,0.852112676056338,0.09105256700348416,0.6343008963016017,0.9785434542654615
361710.0,Aderlan Santos,1530,1.1686046511627906,1e-05,,
361757.0,Joao Cancelo,2610,1.441780821917808,1e-05,,
361770.0,Andre Gomes,5220,1.668384879725086,1e-05,,
361792.0,Ivan Cavaleiro,2430,0.8492647058823529,0.06737588147949364,0.6956974639230434,0.9547163870952244
362855.0,Ramon Azeez,2610,0.8938356164383561,0.056055054307332645,0.7616236380593226,0.9758898361776573
363363.0,Fabrice Olinga,540,0.9838709677419355,0.046946906442400495,0.8414224257886389,1.0
364244.0,Jose Mari,2700,0.5993377483443708,0.08772991985785167,0.42251737774507214,0.763689237429021
369800.0,Victor Romero Rodriguez,7650,1.0223004694835682,1e-05,,
384374.0,Luis Hernandez,3240,1.080110497237569,1e-05,,
384413.0,Ruben Garcia,5850,0.9524539877300613,0.02615471888680544,0.8896380213178794,0.9895669871914771
391058.0,Jose Gaya,3960,1.8122171945701357,1e-05,,
394825.0,Emiliano Velazquez,3420,0.7879581151832461,0.06528589479111346,0.6470569739659162,0.900391726376664
395154.0,Alen Halilovic,2160,0.9958677685950412,0.012778882736415323,0.9594996940800699,1.0
406257.0,Nacho Martinez,5040,1.5142348754448398,1e-05,,
410656.0,Pablo Insua,1260,1.063380281690141,1e-05,,
411617.0,Aymeric Laporte,9270,1.3866279069767442,1e-05,,
420568.0,Diego Llorente,2970,1.358433734939759,1e-05,,
425595.0,Eduard Campabadal,1080,0.7459016393442623,0.1198270166606987,0.47971435518840516,0.9365888340250118
425985.0,Nemanja Radoja,3420,1.0497382198952878,1e-05,,
427893.0,Jozabed,2880,1.4006211180124222,1e-05,,
428947.0,Santi Mina,3960,1.1334841628959276,1e-05,,
432591.0,Ricardo Horta,1980,0.6801801801801802,0.09683239667658206,0.4774151853307437,0.8522390337363083
432950.0,Angel Correa,540,1.1451612903225807,1e-05,,
433311.0,Dani Garcia,6210,1.0852601156069366,1e-05,,
434325.0,Thomas,2520,0.9609929078014184,0.0358294757725639,0.8663170990241835,0.9986350801357543
434404.0,Gonzalo Escalante,2880,1.1521739130434783,1e-05,,
445907.0,Varela,720,1.1097560975609757,1e-05,,
446266.0,Mario Pasalic,2340,0.9580152671755725,0.03845452577686867,0.8564862538659399,0.9985266148601967
449492.0,Ander Capa,5490,1.0964052287581698,1e-05,,
449494.0,Jon Errasti,1710,0.9947916666666666,0.01601547302142868,0.9489275413872237,1.0
452243.0,Burgui,720,1.353658536585366,1e-05,,
466132.0,Theo Bongonda,1260,1.2746478873239437,1e-05,,
466672.0,Jefferson Lerma,2790,1.0929487179487178,1e-05,,
474448.0,Antonio Sanabria,2430,1.1066176470588234,1e-05,,
474589.0,Jose Gimenez,4140,1.841991341991342,1e-05,,
474672.0,Samuel Garcia,4230,1.0826271186440677,1e-05,,
474673.0,Johan Mojica,540,0.5,0.18633899812498247,0.1509370547029374,0.8490629452970626
474680.0,Federico Nicolas Cartabia,4950,0.8894927536231884,0.0418213866168876,0.7953458638635309,0.9571237606477316
476769.0,Deyverson,2160,0.9958677685950412,0.012778882736415323,0.9594996940800699,1.0
477471.0,Raul Albentosa,3960,1.1334841628959276,1e-05,,
477472.0,Jose Luis Morales,5760,0.9828660436137071,0.01607134397014861,0.9401696820258103,0.9994129590340022
477493.0,Edgar Antonio Mendez,2160,0.7892561983471074,0.08124303430892632,0.6100634208285164,0.9234416831912607
479217.0,David Costas,900,0.7941176470588236,0.12082115239084548,0.5129015746505198,0.9687436844350618
482331.0,Adrian Embarba,2520,1.3156028368794326,1e-05,,
484906.0,Tana,2340,1.2251908396946565,1e-05,,
485141.0,Joseba Zaldua,3600,1.445273631840796,1e-05,,
489245.0,Robert Ibanez,1620,0.9945054945054944,0.016870085555806352,0.9461146486329248,1.0
495841.0,Adalberto Penaranda,1890,1.1367924528301887,1e-05,,
498033.0,Marco Asensio,2970,1.147590361445783,1e-05,,
500791.0,Cristian Herrera,1530,0.877906976744186,0.07674215316871712,0.6923639085023283,0.9826263348726038
504606.0,Lucas Hernandez,720,2.451219512195122,1e-05,,
513086.0,Victor Camarasa,3690,0.9490291262135923,0.03385669682222811,0.8651022724040913,0.9931098184338354
517941.0,Matias Nahuel Leiva,720,1.353658536585366,1e-05,,
518240.0,Carlos Vigaray,2070,0.8232758620689655,0.07753770530489702,0.6481218120577623,0.946155112870856
522203.0,Federico Ricca,630,1.263888888888889,1e-05,,
522576.0,Daniel Pinillos,720,0.9878048780487805,0.036185513783915144,0.8801514790900458,1.0
522579.0,Munir El Haddadi,990,2.330357142857143,1e-05,,
523390.0,Alvaro Medran,1440,0.9320987654320988,0.06066044308568887,0.7732210757641841,0.9975552126532953
531629.0,Daniel Ceballos,1980,0.8603603603603603,0.07196155902721402,0.6925959610700068,0.9676361599572166
534484.0,Success Isaac,3330,1.0241935483870968,1e-05,,
535600.0,Petros,2430,0.8492647058823529,0.06737588147949364,0.6956974639230434,0.9547163870952244
541557.0,Jony,2970,1.0572289156626506,1e-05,,
541558.0,Pablo Perez,540,0.6612903225806451,0.17637768497122852,0.2839948592589677,0.9423527175449747
562062.0,Samuel Castillejo,4230,1.1885593220338984,1e-05,,
570432.0,Danilo,1440,0.7469135802469136,0.1048347769525964,0.5169958182745129,0.9194875067239847
571615.0,Unai Lopez,990,0.9017857142857143,0.08520382495258466,0.6811749296613602,0.9963529089777535
571685.0,Adrian Marin,630,1.402777777777778,1e-05,,
573463.0,"Juanpi,20",1530,1.3430232558139534,1e-05,,
574200.0,Eric Bertrand Bailly,3150,1.0823863636363635,1e-05,,
580589.0,Jorge Mere,2160,1.243801652892562,1e-05,,
580704.0,Dani Ndi,540,1.467741935483871,1e-05,,
599425.0,Florin Andone,1530,0.5290697674418605,0.1170035569621983,0.29971271304997366,0.7520214519905741
604105.0,Inaki Williams,3150,1.4232954545454544,1e-05,,
605654.0,Fabian,540,1.306451612903226,1e-05,,
607148.0,Aritz Elustondo,3060,0.9678362573099415,0.029738078372526303,0.8891144269164387,0.9988819907415877
616544.0,Inigo Lekue,810,1.6413043478260871,1e-05,,
639150.0,Sabin Merino,1170,1.75,1e-05,,
643570.0,Paolo Lemos,720,1.7195121951219514,1e-05,,
678234.0,Mikel Oiarzabal,1440,1.302469135802469,1e-05,,
683450.0,Pablo Fornals,1080,0.6639344262295082,0.13001325803512978,0.38963416465027606,0.8875794048219188
722766.0,Charly Musonda,1170,1.2196969696969697,1e-05,,
